comment_count,comments,date,story,title
0,,"29 октября 2019, 14:17"," сообщает , со ссылкой на ,. ,Видео с диким кабаном появилось в группе zello_zko в социальной сети Instagram. Автор ролика утверждает, что на площади бегает дикий кабан и просит горожан быть осторожными. Кроме этого, на ролике отчетливо видно, как несколько полицейских пытаются прогнать животное.,Публикация от , (@zello_zko) 28 Окт 2019 в 9:07 PDT,В пресс-службе департамента полиции ЗКО сообщили, что такой инцидент действительно произошел 28 октября около 23.00 на площади Первого Президента в микрорайоне Астана.,Больше новостей в Telegram-канале ,. Подписывайся!",В Уральске  дикий кабан зашел в город и прогулялся по площади 
0,,"29 октября 2019, 14:13"," передает , со ссылкой на пресс-службу ДП Карагандинской области.,ЧП произошло на пересечении пр.Бухар-Жырау и ул. Чкалова.,Публикация от , (@ekaraganda.kz) 29 Окт 2019 в 12:31 PDT,Больше новостей в Telegram-канале ,. Подписывайся!",В Караганде неизвестный обстрелял автомобиль
0,,"29 октября 2019, 09:15","Настоящим открытием на мировом рынке стали телевизоры LG OLED TV, которые привлекли к себе всеобщее внимание на выставке CES-2012. А уже в 2019 году посетителям IFA в Берлине LG представила первый в мире 8K OLED-телевизор, пожалуй, самый большой на сегодняшний день OLED-телевизор LG - 88-дюймовый LG SIGNATURE OLED 8K., ,Передовая технология OLED от LG основана на органических светодиодах, не требующих подсветки, благодаря чему качество изображения достигает беспрецедентного уровня и не имеет аналогов в мире. Глубокий черный цвет обеспечивает безграничную контрастность. LG OLED TV способен отобразить около 1 миллиарда цветов— Вы сможете уловить даже мельчайшие детали изображения.,В этом году LG представила телевизор NanoCell 8К, который обеспечивает полное погружение благодаря 8K-изображению с впечатляющей цветопередачей, контрастностью и детализацией в действительно большом масштабе. Технология NanoCell™ использует наночастицы, которые очищают цвета, отфильтровывая тусклые тона и улучшая цветопередачу.,На казахстанском рынке представлена линейка премиальных телевизоров 2019 года, включающая передовые OLED и NanoCell модели с улучшенным качеством изображения и звука с применением технологий искусственного интеллекта AI благодаря передовому интеллектуальному процессору второго поколения и алгоритму глубинного обучения.,Больше новостей в Telegram-канале ,. Подписывайся!",История телевизоров LG Electronics: от черно-белого до 8K
0,,"29 октября 2019, 14:17"," передает ,Он пояснил, что, действительно, по инициативе самого министерства, поддержанной Агентством РК по противодействию коррупции, был запущен процесс анализа эффективности и оптимизации всех подведомственных организаций МОН РК (77 по списку). Начата очень масштабная и непростая работа, которая в настоящее время продолжается силами не только Проектного офиса, но и привлеченных экспертов из самих подведомственных организаций МОН РК.,По слова администратора проекта, указанные проблемы были за неделю до указанного совещания в Агентстве обсуждены на аппаратном совещании в МОН РК, на котором он поручил создать специальную комиссию по дальнейшей работе в этом направлении.,Напомним, Антикоррупционная служба ,, что при проведении анализа деятельности подразделений МОН РК, выявлено дублирование функций, нерациональное использование площадей, необоснованные выплаты премий и тд. Об этом говорилось в Агентстве по противодействию коррупции под председательством Алика Шпекбаева на рабочем заседании по вопросу оптимизации Министерства образования и науки., ,Больше новостей в Telegram-канале ,. Подписывайся!",Анализ работы подведомственных организаций МОН был проведен по инициативе самого ведомства
0,,"29 октября 2019, 14:12"," сообщает , со ссылкой на пресс-службу акима Туркестанской области.,Вместе с тем, Умирзак Естаевич ознакомился со строительством площади ""Нур-Султан"", Дворца бракосочетания, а в административно-деловом центре города посетил здания областного акимата и Медиа-центра. На сегодняшний день здесь ведутся работы по внутренней отделке помещений. Отметим, Медиа-центр возводят по заказу акимата города Алматы, его общая площадь составляет 3 тыс. метров. Помимо этого, на территории 0,36 га расположится Дворец бракосочетания. Это подарок духовной столице страны от Костанайской области.,Следует подчеркнуть, в настоящее время в древнем городе с участием регионов, национальных компаний и бизнеса ведется строительство 26 объектов. В общей сложности, до конца текущего года планируется ввести в эксплуатацию 11 объектов.,Больше новостей в Telegram-канале ,. Подписывайся!",Шукеев напомнил строителям о качестве и сроках возводимых объектов
0,,"29 октября 2019, 13:59"," передает корреспондент ,.,Отметим, что их сотрудничество началось в феврале 2018 года. Под руководством Климаса Ислам планировал выйти на ринг 23 июня этого же года в Лос-Анджелесе, но получил травму ноги и пропустил бой.,Добавим, что Климас сотрудничает с такими известными боксерами, как Сергей Ковалев (34-3-1, 29 КО), Василий Ломаченко (14-1, 10 КО) и Александр Усик (17-0, 13 КО). Из казахстанцев в команде специалиста значатся Жанибек Алимханулы (7-0, 3 КО), Мадияр Ашкеев (13-0, 6 КО), Мейирим Нурсултанов (11-0, 8 КО) и Сагадат Рахманкулов (5-1, 3 КО).,Больше новостей в Telegram-канале ,. Подписывайся!",Канат Ислам прекратил сотрудничество со своим менеджером
0,,"29 октября 2019, 13:43"," выяснял корреспондент ,.,Еще во времена советского кинематографа известные певцы и певицы, спортсмены снимались в кино. Например, серебряный призер Олимпиады-1980 Серик Конакбаев сыграл в картине 1986 года ""Тайны мадам Вонг"" киностудии ""Казахфильм"" главную роль - советского моряка Булата. Народная артистка РК Роза Рымбаева отметилась главной ролью в советско-чехословацком фильме ""До свидания, Медео"", а Нагима Ескалиева сыграла в нескольких фильмах. Зарубежные звезды также не упускают возможности сыграть в кино – фильмографии Дженнифер Лопес могут позавидовать многие даже профессиональные актеры, активно снимается Джастин Тимберлейк, Джаред Лето и многие другие голливудские знаменитости.,Естественно, что молодые звезды казахстанской эстрады не хотят ограничивать себя музыкой и активно соглашаются на предложения сняться в кино. Но особенно преуспели в этом бывшие участницы популярной группы КешYOU.,Бывшая солистка этой группы Элизат Берикова согласилась сниматься в фильме ""Зеркала"", даже будучи беременной. И буквально через пару недель после родов уже работала в кадре, играя одну из главных ролей.,Оценивая свою работу на киноэкране, Элизат отмечает, что ей фильм понравился.,- Непривычно себя видеть на экране. Когда ты играешь на площадке, на съемках, одни ощущения, но когда на себя смотришь уже как зритель, то оцениваешь не только свою игру, но и в целом картину. Конечно, вижу, что можно было где-то сыграть лучше, есть очень много, чего можно исправить. Я не до конца открылась на экране, я не успела толком познакомиться с партнерами по площадке, тем более, роль у меня одна из главных. Я очень переживала. За время съемок из-за особенностей моей роли получила много пощечин, однажды, раз 20 за один съемочный день, онемела одна щека, - поведала Элизат Берикова.   ,Ее героиня пытается вести двойную игру – жить с богатым женатым папиком и одновременно покрывать друзей-преступников. Причина вроде бы ясна – из ее семьи ушел отец, и поэтому надо как-то кормить мать и сестру. Но с другой стороны, образ не так прост, как кажется.  ,В фильме также сыграла основательница и бессменный продюсер группы КешYOU Баян Алагузова. Мы не могли не поинтересоваться у нее, почему бывшие и действующие участницы коллектива рвутся в кино, и узнали, кто из них, по ее мнению, самая лучшая актриса.,- Мне кажется, нынешний состав группы КешYOU - первый за 14 лет, который поет отлично живьем, все три девочки. Потому что у нас всегда было так: две поют, одна – красивая, или две красивые, одна – поет. То есть, мы никак не могли найти этот баланс, но сейчас подобрался состав очень сильный в вокальном плане, и все они красавицы, умницы. Я уже боюсь снимать солисток КешYOU в кино, потому что они сразу становятся мега-звездами и улетают, как птички. Поэтому сейчас очень долго думаю, стоит ли снимать в каждом своем новом фильме девочку из КешYOU, - сказала Баян Алагузова.,Продюсер отметила, что всегда рада за успехи девушек, кто ранее был в составе ее групп. И вправду, в любом картине, казахстанском сериале, полном метре можно найти актрис,  в тот или иной период карьеры прошедших через руки Баян Алагузовой.  ,Добавим, что в фильме ""Зеркала"" состоялся сольный дебют в кино солиста группы Ninety One по имени ACE (ранее ACE вместе с другими участниками группы играли самих себя в фильме Аскара Узабаева). Поклонники подготовили ему особый подарок.,Мир шоу-бизнеса со своими законами требует от артиста быть не только певцом, но и блогером, а в некоторых случаях еще и актером. Другой вопрос, что совмещать несколько творческих профессий получается далеко не у всех, и только время расставит все по своим местам. Спустя десятилетия и можно будет понять, кто останется в истории, а кого забудут навсегда.,Альберт Ахметов  ,Больше новостей в Telegram-канале ,. Подписывайся!",Кто из солисток КешYOU разных лет- лучшая актриса 
0,,"29 октября 2019, 00:10",", сообщает , со ссылкой на ,.,В пресс-службе департамента полиции Северо-Казахстанской области рассказали, что по факту поступивших заявлений от нескольких жителей этого двора, о повреждении пеной транспортных средств, стражи порядка собрали материал.,Следственно-оперативная группа продолжает работу по установлению числа пострадавших автовладельцев.,Больше новостей в Telegram-канале ,. Подписывайся!",Подросток разукрасил автомобили монтажной пеной в СКО
0,,"29 октября 2019, 13:33"," сообщает , со ссылкой на официальный сайт Президента РК.,Касым-Жомарт Токаев вручил 12 воспитанникам детских домов, нуждающимся в жилье, ключи от квартир в микрорайоне ""Коккайнар"".,В целом в микрорайоне ""Коккайнар"" в рамках программы ""Нұрлы жер"" жилье в строящемся доме получит 51 человек из числа выпускников детских домов, стоящих в очереди.,Программа определяет ключевые направления работы по социально-экономическому развитию Алматы, привлечению инвестиций, созданию новых рабочих мест, обеспечению занятости населения, поддержанию общественной безопасности, улучшению инфраструктуры городских окраин. Также обозначены перспективы развития Алматинской агломерации.,Больше новостей в Telegram-канале ,. Подписывайся!",Токаев вручил воспитанникам детских домов Алматы ключи от квартир
0,,"29 октября 2019, 06:06"," сообщает ,.,Департамент исправительного учреждения штата Джорджия сообщил, что заключенный Тони Майкон Мунос-Мендес (Tony Maycon Munoz-Mendez) был ""по ошибке выпущен на свободу"" 25 октября из государственной тюрьмы в городе Рейдсвилл.,Отмечается, что Мунос-Мендес был отправлен за решетку за изнасилование, совершенное в 2012 году, и за растление и изнасилование малолетних в 2010 году.,Телеканал Fox сообщает, что власти задействовали все ресурсы для поисков 31-летнего осужденного.,Больше новостей в Telegram-канале ,. Подписывайся!","В США заключенного на пожизненный срок ""по ошибке"" выпустили из тюрьмы"
0,,"29 октября 2019, 01:23"," сообщает , со ссылкой на ,.,Больше тонны рогов, тысячи убитых краснокнижных животных, ущерб государству почти на 6 миллиардов тенге. Контрабанду, по версии следствия, планировали отправить в Китай. Готовили ее, судя по объему, не один год. Во время крупной спецоперации силовики ,.,О необходимости ужесточить наказание за браконьерство Глава государства говорит не впервые. Ведь от рук злоумышленников гибнут не только редкие животные, но и природоохранные инспекторы. Так с начала года убили двух егерей, еще один скончался на днях в Кызылординской области. Он , во время погони.,В Ассоциации охотников предлагают приравнять браконьеров к наркоторговцам. Более того, некоторые контрабандисты работают под прикрытием, говорят эксперты. Организованную преступную группировку, вывозившую крупную партию рогов краснокнижной сайги в Китай, могли ""крышевать"" высокопоставленные чиновники и даже сами инспекторы ""Охотзоопрома"", говорит Оралбай Абдыкаримов.,Изъятые рога, кстати, сожгут. Утилизация предусмотрена Законом. К слову, стоимость одного кг на ""черном"" рынке доходит до пяти тысяч долларов.,Больше новостей в Telegram-канале ,. Подписывайся!","Тех, кто вывозил рога сайги, могут крышевать правоохранители - Ассоциация охотников"
0,,"29 октября 2019, 06:26"," Об этом сообщает телеканал "","", передает ,.,Эти состязания, юные спортсмены, их тренеры и родители запомнят надолго. За пару дней прибывания в Шымкенте они испытали стресс.,На соревнования приехали 400 спортсменов из Казахстана, Узбекистана и Таджикистана. Организаторы планировали провести турнир в течение двух дней. Президент Федерации таэквондо ITF Айдос Аманжолов рассказывает, что заранее был арендован зал для состязаний в местном университете. Но руководство ВУЗа почему-то отказало в проведении. После договорились с шымкетской спортивной школой. Правда, перед стартом турнира всех участников выставили на улицу.,Причину отказов никто так и не объяснил, говорит глава казахстанской федерации таэквондо. Считает, что все это дело рук руководителей спортивных объединений Шымкента и Туркестанской области. Айдос Аманжолов сетует, что изначально именно они препятствовали проведению соревнований, якобы из-за конкуренции.,К слову, сложившаяся обстановка шокировала не только местных, но и иностранных гостей. Они заявили, что больше не приедут на подобные состязания в Шымкент.,- Нас встретили, знаете с какими словами? На улице стоит наша охрана. Будьте бдительны! Мы не для этого сюда приехали, чтобы подвергать опасности наших детей, - сказала жительница Узбекистана Азиза Раджабова.,После долгих мучений спортзал все же нашли. Арендовали его в частном ВУЗе. Турнир провели за один день. Но условия для проведения такого уровня состязаний там, мягко говоря, оказались не комфортными. В перерывах между боями участники питались прямо на полу. Не было свободных мест для разминки перед поединком. А из-за отсутствия трибун болельщики стояли близко к татами и создавали столпотворение. Между тем в профильном управлении говорят, что организаторы вообще не имели право на проведение чемпионата.,Между тем, казахстанская Федерация таэквондо обратилась с заявлением к правоохранителям из-за угроз со стороны местных спортивных сообществ. Глава федерации Айдос Аманжолов также заявил о намерении написать жалобу в Минкультуры и спорта и акиму Шымкента в связи с воспрепятствованием проведения турнира. Если дело не сдвинется, то последней инстанцией станет Президент.,Больше новостей в Telegram-канале ,. Подписывайся!","""Беспредел по-шымкентски"". Скандал разгорелся вокруг Чемпионата Азии по таэквондо"
6,"Желаем плодотворной поездки,ожидаются пробки с 8 уровня по 10....,Программа насыщенная будет. Город растет, население увеличивается и проблемных вопросов все больше в городе, которые надо решать.,Токаев как президент должен с рабочими визитам приезжать в разные города, это по сути контроль того, как работают акимы.,Уже много чего сделал Токаев по приезду. Читайте новости - для алматинцев это важно.,Посмотрим, какие поручения даст Токаев местным чиновникам. Хотя сейчас при Сагинтаеве власть стала более открытой к обращениям и проблемам горожан.","29 октября 2019, 09:23"," сообщает ,.,Об этом на своей странице в Facebook сообщил пресс-секретарь Президента Берик Уали.,Больше новостей в Telegram-канале ,. Подписывайся!",Токаев прибыл в Алматы
0,,"29 октября 2019, 06:57"," передает ,.,Холли Романек гостила вместе с семьей в городе Сэнди-Хук, штат Нью-Джерси. Девушка решила отправить сообщение в пустой бутылке из-под холодного кофе. Она написала послание, поместила его в сосуд и бросила ""на удачу"" в воду.,В письме американка обратилась к вероятному адресату. В случае обнаружения послания, она предложила нашедшему его человеку написать ей на электронную почту. Спустя два месяца девушка получила ответ.,Автором находки стал мужчина, обнаруживший бутылку на скалах в бухте Флатрок, на острове Ньюфаундленд. Оказалось, что послание преодолело 1885 километров.,Отмечается, что бутылка попала в Гольфстрим, который течет узкой полосой вдоль побережья Северной Америки, после чего направляется на восток в сторону Великобритании.,Больше новостей в Telegram-канале ,. Подписывайся!","Девушка получила ответ на послание в бутылке, выброшенную в океан"
0,,"29 октября 2019, 14:19"," передает ,.,Поприветствовать армейских спортсменов собрались военнослужащие алматинского гарнизона, родные, друзья и, конечно, многочисленные поклонники.,В ожидании приезда армейцев, казахстанские болельщики устроили настоящее представление в аэропорту.,Оркестр, песни, флаги, плакаты и десятки букетов цветов и подарков. Соотечественники радостно приветствовали команду, скандировали имена, просили сделать селфи и дать автографы.,Напомним, что согласно таблице медального зачета Игр, сборная Казахстана в общекомандном зачете расположилась на 12 строчке из 109 стран мира. В активе у страны – 4 золотые, 3 серебряные и 5 бронзовых медалей.,В числе выигравших золотые медали казахстанцев- обладательница полного комплекта олимпийских медалей легкоатлетка Ольга Рыпакова., ,Больше новостей в Telegram-канале ,. Подписывайся!",Победители и призеры Всемирных военных игр вернулись из Китая 
0,,"29 октября 2019, 07:34"," сообщает ,.,В минувшие выходные в рамках вечера бокса в Алматы 29-летний Рысбек встречался с Мухитдином Раджапбаевым из Узбекистана (10-7-1, 7 КО). Поединок был рассчитан на восемь раундов, но завершился в первом, когда казахстанец отправил соперника в нокаут.,Этот успех позволил Рысбек совершить рывок в рейтинге BoxRec второго среднего веса и расположиться на 201-м месте.,Напомним, что главным событием вечера бокса в Алматы стал бой за титул WBO International в среднем весе между его обладателем казахстанцем Канатом Исламом (26-0, 21 KO) и намибийцем Уолтером Каутондоквой (18-1, 17 КО). В пятом раунде претендент оказался в нокдауне, но сумел достоять до финального гонга. По итогам десяти раундов судьи отдали победу Исламу.,Больше новостей в Telegram-канале ,. Подписывайся!","Казахстанец ""рванул"" на 325 мест в рейтинге после победы над узбекским боксером"
0,,"29 октября 2019, 14:00","сообщает ,.,Темой пятого заседания Клуба станет ""Большая Евразия: на пути к новой архитектуре глобального сотрудничества"".,Особое внимание будет уделено формированию будущей архитектуры сотрудничества в Евразии, а также поиску решений на ключевые вызовы глобальной безопасности, такие как проблема бесконтрольного распространения ядерного вооружения.,В рамках мероприятия будет презентован и очередной выпуск рейтинга ""Топ-10 рисков для Евразии в 2020 году"" - стратегический форсайт ведущих экспертов со всего мира издаваемый под эгидой Астана клуба Институтом мировой экономики и политики.,· ""Мировой (бес)порядок: кто напишет историю будущего?"",,· ""Многополярная Евразия: пространство перманентных конфликтов?"",· ""Торговые войны и протекционизм – что будет с глобальной экономикой?"",· ""Мировая технологическая гонка: новое поле глобального противостояния"",· ""Процесс ядерного разоружения: что делать?"",· ""Центральная Азия на стыке глобальных интересов: плюсы и минусы Хартленда"".,Пленарное заседание клуба под председательством Первого Президента Казахстана – центральное событие всего мероприятия, будет посвящено обсуждению темы ""Создание Большой Евразии: новая модель партнерства"".,§ Мохаммед Эль-Барадеи, Лауреат Нобелевской премии мира (2005), Генеральный директор МАГАТЭ (2013-2014), Египет,§ Джейкоб Френкель, председатель Правления JP Morgan Chase, International, председатель международной группы 30 (G 30), председатель Национального банка Израиля (1991—2000), США,§ Жозе Мануэл Баррозу, председатель Европейской комиссии (2004-2014), Неисполнительный председатель Goldman Sachs International, Португалия.,§ Хамид Карзай, президент Афганистана (2001-2014), Афганистан.,§ Хосе Луис Сапатеро – премьер-министр Испании (2004-2011), Испания,§ Ив Летерм, премьер-министр Бельгии (2008, 2009-2011), генеральный секретарь международного института IDEA, Бельгия.,§ Шаукат Азиз, премьер-министр Пакистана (2004-2007), Пакистан.,§ Данило Тюрк, президент Словении (2007-2012), Словения.,§ ЮН Бенсе, министр иностранных дел Республики Корея (2013-2017), Южная Корея.,§ Франко Фраттини, министр иностранных дел Италии (2002-2004, 2008-2011), Италия.,§ Михаил Фрадков, директор Российского института стратегических исследований, председатель правительства РФ (2004-2007), Директор службы внешней разведки РФ (2007-2016).,Организатором мероприятия выступает Институт Мировой Экономики и Политики при Фонде Первого Президента РК-Елбасы.,Традиционно в работе ""Астана Клуба"" принимает участие Первый Президент Республики Казахстан-Елбасы Нурсултан Абишевич Назарбаев.,Часть заседаний ""Астана Клуба"" проводится согласно правилам""Chatham house"", подразумевающее закрытый характер обсуждений, а также острое и откровенное обсуждение наиболее важных вопросов Евразии и мира.,За годы проведения в работе Клуба приняли участие более 200 спикеров из 40 стран мира.,Больше новостей в Telegram-канале ,. Подписывайся!",Объявлена программа Пятого заседания Astana Club-2019
0,,"29 октября 2019, 07:51"," сообщает ,.,Он был личным помощником и телохранителем Фредди с 1979 года, ухаживал за певцом в последние месяцы его жизни. Питер консультировал создателей ""Богемской рапсодии"".,Байопик с Рами Малеком в главной роли понравился Фристоуну.,Больше новостей в Telegram-канале ,. Подписывайся!","Друг Меркьюри выступил против съемок второй части ""Богемской рапсодии"""
1,"Хорошая идея, недавно читал что у нас с помощью можно даже лотерею купить","29 октября 2019, 01:58"," сообщает ,.,Стандарт RCS находится в разработке с 2007 года, но из-за разногласий между операторами не получал широкого распространения. Его можно представить как надстройку к СМС и ММС. Во-первых, сообщение точно дойдет до адресата. Если послание не сможет быть доставлено посредством Wi-Fi, оно будет отправлено обычным способом, через сотовую сеть. Это гарантирует доставку как на кнопочные телефоны, так и ""айфоны"".,Во-вторых, сообщение может быть обогащено всеми функциями современных чатов. К нему можно прикрепить медиаконтент в виде изображений высокого качества, а пользователи смогут видеть индикатор того, что собеседник печатает.,Американские операторы выпустят Android-приложение с поддержкой RCS в 2020 году. Оно будет предустанавливаться на все смартфоны, продающиеся в их салонах. Как рассказал The Verge управляющий CCMI Даг Гарланд, новый мессенджер будет поддерживать все ключевые функции RCS, включая индикатор набора текста, мультимедийные вложения и групповые чаты. Он также будет совместим с универсальным профилем (Universal Profile) — международным стандартом для RCS, который внедряют операторы по всему миру.,По словам Гарланда, СП заинтересовано в партнерстве с другими компаниями, в первую очередь с Samsung и Google, чтобы абоненты, которые не захотят пользоваться новым приложением, смогли общаться в Android Messages или Samsung Messages. Представители поисковика уже выразили согласие на сотрудничество с CCMI. В Apple на запрос The Verge не ответили, однако Гарланд заявил, что также хотели бы видеть производителя айфонов в числе партнеров.,Больше новостей в Telegram-канале ,. Подписывайся!",Сотовые операторы США откажутся от SMS-сообщений
8,"Ну все, поделился.,Как и ожидалось.,NO! ni zto ne vezno pod LUNOY,Сантехник впрягся?,кто бы сомневался,жулик-жулику неприятности всегда смоет и концы в воду,увы,какая страна такие и нравы,Все изначально понимали что дело сломают, я даже с другом поспорил на 100$ что он выйдет сухим из воды, я выйграл можете поздравить. Но это очередной косяк сотрудников АПК,красавчик, блин, мне тоже надо было поспорить на более крупную сумму. В следующий раз буду иметь в виду,Фамилия прокурора запоминающаяся). По сабжу теперь ждём посадки тех кто инициировал возбуждение уголовного дела","29 октября 2019, 01:00",", сообщает ,.,В гуляющей по Сети фотокопии указанно, что Генеральной прокуратурой рассмотрено ходатайство в интересах Манзорова Б. о прекращении уголовного дела. Обвинения указаны, как незаконные и уголовное дело прекращено за отсутствием события уголовного правонарушения.,Внизу стоит имя заместителя начальника Службы уголовного преследования Абу-Али Анарбайұлы Саттара.,Напомним, что в конце сентября заместитель акима Алматинской области Багдат Манзоров был , борцами с коррупцией.,Его подозревали в мошенничестве в особо крупном размере.,Насколько правдив этот документ, сказать сложно. Редакция Zakon.kz отправила запрос в Генеральную прокуратуру, чтобы это выяснить.,Нельзя не отметить, что в одной из строчек текста Багдат Манзоров указан, как Н. Манзоров.,Больше новостей в Telegram-канале ,. Подписывайся!",В Сети появился документ об отмене уголовного дела в отношении Багдата Манзорова
0,,"29 октября 2019, 08:13"," передает ,.,Премьера шестой части голливудской франшизы ""Терминатор"" должна была пройти в понедельник в ""Китайском театре"". ""В свете продолжающихся интенсивных пожаров в этом районе Paramount и Skydance отменили ночную премьеру ""Терминатора: Темных судеб"" в Лос-Анджелесе. Мы бесплатно отдадим пищу, предназначенную для приема после премьеры, американскому Красному Кресту, который обеспечивает тех, кого затронули пожары"", - говорится в сообщении.,Продюсером и сценаристом картины выступает Джеймс Кэмерон, снявший ""Терминатор"" (""Terminator""; 1984) и ""Терминатор 2: Судный день"" (Terminator 2: Judgment Day, 1991). Режиссер ленты - Тим Миллер, снявший кинокомикс ""Дэдпул"" (Deadpool, 2016). Поклонники франшизы увидят снова Арнольда Шварценеггера, сыгравшего киборга Т-800. Роль человекообразного робота Грейс исполнила актриса Маккензи Дэвис.,Режим чрезвычайной ситуации введен на всей территории Калифорнии в связи с бушующими на его территории лесными пожарами. Власти штата сообщили о том, что предписание об эвакуации было направлено почти 200 тыс. человек из районов, находящихся в опасной близости к очагам пожаров. По данным на сайте губернатора Гэвина Ньюсома, огонь угрожает сотням построек.,Шварценеггер в понедельник написал в своем Twitter, что также вынужден покинуть свой дом из-за пожаров.,Больше новостей в Telegram-канале ,. Подписывайся!",Премьеру Терминатора в Лос-Анджелесе отменили из-за пожаров
0,,"29 октября 2019, 06:43"," Об этом сообщает "","", передает ,.,Абай Сыздыков стал инвалидом 3,5 года назад. Молодой парень с другом занимались бизнесом, и в один из дней на него упали доски. Как итог - повреждение позвоночника.,Парень устроился по основной специальности - учитель истории.Ему ежедневно приходится пробираться из одного конца города в другой.,На примере нового образцового проспекта Строителей, где проходит путь парня на работу, он показал все трудности, с которыми приходится сталкиваться.,По его словам, проектировщики не учитывают потребности маломобильных людей.,Больше новостей в Telegram-канале ,. Подписывайся!","Прикованный к коляске парень показал, что Караганда не предназначена для инвалидов"
0,,"29 октября 2019, 08:28","Ранее МакГрегор , о казахстанском ММА и боксе, а также о возможном посещении Казахстана на пресс-конференции в Киеве., ,Больше новостей в Telegram-канале ,. Подписывайся!","МакГрегор - обезьяна. Не хочу, чтобы он приезжал в Казахстан - Жумагулов"
0,,"29 октября 2019, 08:42"," передает ,.,Жириновский заявил, что многие молодые люди, вдохновленные 16-летней активисткой из Швеции Гретой Тунберг, говорят о необходимости затормозить глобальное потепление. Однако, по его мнению, они пропагандируют методы, которые могут привести к уничтожению части человечества.,Председатель ЛДПР считает, что ограничение производства спровоцирует голод, нехватку товаров и энергии для обеспечения тепла в домах. По его мнению, убежденные люди используются для того, чтобы нанести удар по человечеству, причем, отметил Жириновский, ""в этих же целях используется и тема защиты прав человека и борьба с харасментом"".,Политик добавил, что заинтересованные лица готовы сократить население планеты до 500 миллионов человек, чтобы воплотить в жизнь свои политические амбиции, поскольку ими было бы легче управлять, чем 7-8 миллиардами.,Больше новостей в Telegram-канале ,. Подписывайся!",Жириновский назвал экофанатиков источником угроз для всего человечества
0,,"29 октября 2019, 09:06"," Своим прогнозом поделилась с , известный музыкальный продюсер Баян Алагузова.,24 ноября 2019 года в городе Гливице (Польша) пройдет 17-й конкурс песни Детское Евровидение. Казахстан примет в нем участие во второй раз в истории. На суд жюри и зрителей наша страна выставит песню ""Don't forsake your dream"" (Арманнан калма), которую исполнит финалист российской версии проекта ""Голос. Дети"" Ержан Максим. Авторы песни- Хамит Шангалиев, Данияр Алдабергенов и Тимур Балымбетов. Режиссером официального клипа является Александр Фломбойм, продюсер Сергей Руцкий.,Мы попросили известного музыкального продюсера Баян Алагузову оценить шансы Ержана Максима на победу в конкурсе.,Казахстан дебютировал на Детском Евровидении в прошлом году. Тогда в национальном отборе право представить страну завоевала победительница украинской версии проекта ""Голос. Дiти"" Данэлия Тулешова с песней ""Өзiңе сен"" (музыку песни для Данэлии написали украинские музыканты, текст - Камила Даирова и сама Данэлия, постановкой номера занимался известный российский режиссер Алексей Голубев, ранее работавший над выступлением Полины Гагариной на конкурсе Евровидение в 2015 году).,Тогда жюри поставило казахстанку на 8 место, отдав 68 баллов. По итогам голосования телезрителей Данэлия Тулешова набрала 103 балла, это 3-е место по зрительскому голосованию. По сумме голосов зрителей и жюри наша соотечественница стала 6-й, набрав 171 балл, хотя многие наши соотечественники думали, что Данэлия Тулешова займет место намного выше, чем в итоге получилось.,Система голосования на Детском Евровидении такова, что профессиональное жюри каждой страны присуждает комплект по 12, 10, 8—1 баллов 10 песням. Зрители по всему миру голосуют за 3 или 5 песен, и их голоса распределяются пропорционально. Голоса жюри и зрителей составляют по 50 % от всех голосов.,Добавим, что на территории Казахстана конкурс Детское Евровидение будет транслироваться телеканалом ""Хабар"". Также наши зрители смогут отдавать свои голоса за понравившихся конкурсантов. Агентство ""Хабар"" c 1 января 2016 года является ассоциированным членом Европейского Вещательного Союза (EBU), организующего конкурс, что позволило выдвинуть кандидата на участие от страны.,Альберт Ахметов,Больше новостей в Telegram-канале ,. Подписывайся!",Баян Алагузова о шансах на победу Казахстана в Детском Евровидении 2019
0,,"29 октября 2019, 08:53"," передает , со ссылкой на пресс-службу ДП области. ,Так, 24 октября в Арысский РОП с заявлением обратился местный житель. У него с вольного пастбища бесследно пропал скот. С аналогичными заявлениями в полицию обратились еще десятки потерпевших. Данные факты зарегистрировали в ЕРДР Арысского РОП по , УК РК ""кража"" и начали досудебное расследование. Общая сумма ущерба, нанесенная потерпевшим, составила свыше трех миллионов тенге.,Была создана следственно-оперативная группа. Полицейские приступили к поискам. Также были созданы отряды добровольных помощников из числа местных жителей. Один из таких отрядов заметил на вольных пастбищах подозрительный автомобиль и сообщил об этом полицейским.,Прибывшие на место происшествия сотрудники полиции тщательно проверили оставленный бесхозный автомобиль, который принадлежал одному из подозреваемых.,Вокруг пастбищ и в салоне машины полицейские обнаружили вещественные доказательства, которые направили на экспертизы. Также через авто полицейские вышли на след подозреваемых. Оперативники сначала задержали владельца авто, а затем двух его подельников. ,По версии полиции, скотокрады промышляли на вольных пастбищах, расположенных между Казыгуртским и Арысским районами, там же разделывали краденный скот на мясо, которое затем на своей автомашине перевозили в Шымкент, где затем реализовывали его на городских рынках. ,Полицейские установили, что подозреваемые являются жителями Казыгуртского, Арысского районов и Шымкента, один из которых ранее судим. Также оперативники задержали скупщика краденного. Преступная группа оказалась причастна к 12 фактам скотокрадства в Казыгуртском районе, к семи фактам в Сарыагашском районе и к десяти фактам кражи скота в Арысском. В качестве вещественных доказательств изъяты топор, ножи и две автомашины подозреваемых. ,В настоящее время в полицию продолжают поступать заявления от сельчан в рамках данного уголовного дела. Следователи не исключают, что преступная группа может быть причастна к еще другим фактам скотокрадства, совершенных в районах области. В настоящее время следственно-оперативные мероприятия продолжаются., ,Больше новостей в Telegram-канале ,. Подписывайся!",Краденое мясо продавали на базарах Шымкента
0,,"29 октября 2019, 09:29",", сообщает , со ссылкой на ,.,Напомним, похитительница работала в том самом детсаду и прекрасно знала ребёнка, он был в её группе. Только чтобы осуществить свой преступный замысел, ей пришлось оформить отпуск. Замаскировавшись, она пришла за ребёнком в образе таинственной знакомой родителей мальчика. Воспитательница даже придумала убедительную легенду: якобы папа с мамой малыша попали в аварию, и никак не могут его забрать. Но нянечка, подменявшая отпускницу, буквально на пороге заподозрила что-то неладное и ,. ,В акимате заговорили об усилении мер безопасности и контроля в детсадах. К слову, родители жертвы несостоявшегося похищения довольны приговором суда. А вот родня обвиняемой намерена обжаловать вердикт судьи.,Больше новостей в Telegram-канале ,. Подписывайся!",Попытка похищения ребенка из детсада: родные осужденной намерены обжаловать приговор
11,"о ЛГБТ обязательно упомянуть надо?,Ну, это, видимо, для того, чтобы не жалели сильно, типа ""какой молодой, симпатичный, все-таки наш по крови"",у них это видимо предмет особой гордости,загубили парня,Как жалко...такой красивый талантливый мальчик ....иманды болсын,Такой молодой, а уже лгбтэшник.,Там это в тренде сейчас, отцом ты можешь и не быть, но голубым ты быть обязан.,Вот зачем туда ехать? Сколько народу участвует в лотерее чтобы попасть туда каждый год,Умирают и политики и музыканты, военные и пацифисты, учителя и осуждённые, геи, лесби и тп и монахи. Смерть не делит на рассы, профессии, возраста и убеждения в отличии от людей.Смерть парня и его участие в ЛГБТ сообщество,  как-то связано?,Хотя есть подозрения, что лица, умышленно разжигающих ненависть между нациями в Казахстане, работают в Питере, в печально известной конторе Пригожина, которого недавно приняли американцы и пихают его во все щели. Так что опосредовано эти лица, работающие на Пригожина - фактически работают на Госдеп.,Ну причины смерти то не озвучены","29 октября 2019, 07:16"," Об этом пишет ,.,Парень скончался 1 сентября в доме своей семьи. О причинах смерти не сообщается.,Дэвин родился в Костанае и был усыновлен в возрасте 14 месяцев Уэйном и Кэтлин Такэбери. На момент смерти он учился в 12 классе средней школы.,Дэвин поддерживал связи с казахской диаспорой, у него было много друзей. Молодой человек увлекался фотографией, живописью, гимнастикой и танцами. Его работы были отмечены двумя золотым наградами национальной премии Scholastic Awards 2018.,Помимо этого, по информации издания, Дэвин был открытым представителем ЛГБТ-сообщества. Он участвовал в общественных дискуссиях с учителями, студентами и другими членами общины.,Больше новостей в Telegram-канале ,. Подписывайся!",Усыновленный американцами казах скончался в США
0,,"29 октября 2019, 09:39"," передает ,.,Совместная работа начата по итогам мониторинга состояния лекарственного обеспечения, проведенного территориальными подразделения Комитета фармации в связи с поступлением в конце 2017 года в адрес Министерства большого количества обращений граждан на перебои в обеспечении лекарственными средствами на амбулаторном уровне.,В феврале 2018 года были сформированы мониторинговые группы, которые выявили факты неполучения пациентами выписанных лекарств и неиспользованные остатки лекарств за 2016 - 2017 годы. При этом отдельные пациенты не знали о выписке им бесплатных рецептов и соответственно не получали выписанные лекарственные средства, однако в программе ИСЛО данные рецепты отмечены как обеспеченные.,Данные материалы министерством здравоохранения были переданы в Генеральную прокуратуру.,В июле текущего года продолжена работа Министерства по анализу рационального использования и обеспеченности лекарственными средствами. Так, в Западно-Казахстанской области допущено уничтожение препаратов в связи с истечением срока годности, на общую сумму 5,8 млн тенге.,Необходимо отметить, что с 2018 года закуп лекарственных средств для бесплатного амбулаторного лекарственного обеспечения централизовано осуществляется ТОО ""СК-Фармация"", а оплата данных услуг производится Фондом социального медицинского страхования по фактически отпущенным рецептам. Потребность в лекарственных средствах формировалась Управлениями здравоохранения регионов.,Однако со стороны Управлений здравоохранений формирование заявок проводились без учета фактических данных диспансерных больных.,По результатам проведенных проверок министерством принят комплекс мер по надлежащему регулированию в сфере лекарственного обеспечения населения. Изменены Правила лекарственного обеспечения граждан: теперь потребность определяется только с учетом данных Регистра диспансерных больных.,Кроме того, за ненадлежащее исполнение обязанностей отдельные должностные лица Министерства здравоохранения были уволены по отрицательным мотивам. В отношении должностных лиц подведомственных организаций проводится досудебное расследование.,Осуществлен переход на безбумажный документооборот: в медицинских организациях активно цифровизуются все процессы. Так, электронный Регистр диспансерных больных позволит автоматически формировать потребность в лекарствах с учетом имеющихся в информационной программе данных об остатках. Внедрен электронный паспорт здоровья граждан, в котором отражается информация об отпущенных лекарствах.,В результате цифровизации и интеграции информационных систем лекарственного обеспечения поликлиник позволило охватить 100% выпиской электронных рецептов на бесплатные лекарства и вести учет остатков лекарств в онлайн режиме.,По результатам проверок министерства, на должностных лиц составлены 8 административных протоколов, в двух случаях приняты дисциплинарные меры, материалы 4 проверок направлены в территориальные департаменты ведомства министерства для принятия мер в пределах своей компетенции.,Эффективное сотрудничество министерства здравоохранения с органами прокуратуры в части мониторинга лекарственного обеспечения как на республиканском, так и на региональном уровнях, привело к получению значительной экономии бюджетных средств, улучшению доступности лекарственных средств пациентам.,На коллегии министерством предложено продолжить эту работу на системной основе не только в системе здравоохранения, но и в организациях других ведомств.,Больше новостей в Telegram-канале ,. Подписывайся!",Бесплатные рецепты не дошли до казахстанских пациентов
0,,"29 октября 2019, 09:41",", сообщает , со ссылкой на пресс-службу МИД РК.,Он тепло пообщался с казахстанскими дипломатами и их семьями, вызвав неподдельный восторг своей скромностью и теплым отношением к детям.,Известный казахстанский певец также побывал в штаб-квартире ООН и поделился своими впечатлениями со Службой новостей ООН.,А завтра он выступит в программе ""Вечерний Ургант"".,Публикация от , (@kudaibergenov.dimash) 28 Окт 2019 в 5:47 PDT,Больше новостей в Telegram-канале ,. Подписывайся!",Димаша Кудайбергена пригласили в ООН
0,,"29 октября 2019, 10:04"," сообщает ,Сотрудники Казыгуртского РОП сразу же приступили к оперативно-розыскным мероприятиям. Полицейские провели комплекс необходимых мероприятий, опросили потерпевшего и других свидетелей. Получив приметы подозреваемых, оперативники принялись за розыск угнанной автомашины. ,Стражи порядка вернули похищенную автомашину законному владельцу, который выразил благодарность сотрудникам Казыгуртского РОП. В настоящее время проводится досудебное расследование по , УК РК ""вымогательство"". Подозреваемые арестованы.,Полицейские Туркестанской области рекомендуют быть бдительными и принять меры к сохранности своего имущества, жизни и здоровья. Собираясь в далекий путь, не стоит выезжать одному, а также проявлять излишнюю доверчивость к малознакомым людям. Если же вы стали жертвой или очевидцем подобных преступлений, то незамедлительно обращайтесь в полицию по телефону 102.,Больше новостей в Telegram-канале ,. Подписывайся!",В Туркестанской области пассажиры напали на таксиста и забрали у него автомобиль
0,,"29 октября 2019, 10:09"," сообщает ,.,Полученные в рамках Программы льготного финансирования средства, крупнейший производитель железобетонных конструкций ТОО ""Темирбетон - 1"" направит на производство нового вида продукции – раструбных труб. Это в свою очередь даст возможность южным регионам Казахстана качественно обновить инженерные сети по выводу сточных вод.,Финансирование оборотного капитала ТОО ""Темирбетон - 1"" будет  направлено на диверсификацию производства. Данный проект важен еще и тем, что позволит снизить риски возникновения экологической угрозы в регионе.,Программа льготного финансирования в капитал, запущенная АО ""Казына Капитал Менеджмент"", предлагает финансовый инструмент, альтернативный банковскому кредитованию. Финансирование в рамках Программы получают представители крупного бизнеса и МСБ, представленные в разных отраслях, в том числе обрабатывающей промышленности, сфере инфраструктуры и сельского хозяйства.,Больше новостей в Telegram-канале ,. Подписывайся!","ТОО ""Темирбетон - 1"" запустит новую линейку продукции благодаря ККМ"
0,,"29 октября 2019, 10:19"," передает , со ссылкой на пресс-службу акима Туркестанской области.,Отметим, на сегодняшний день из 12 сельских округов района отремонтированы здания акиматов сельских округов Жузимдик и Актобе, они уже работают в новом формате. В дальнейшем акиматы всех сельских округов района перейдут на такой формат работы.,Больше новостей в Telegram-канале ,. Подписывайся!","Госучреждения Келесского района Туркестанской области переходят на ""Оpen Space"""
5,"Сфера маркетинга активно развивается в городе. Много компаний в городе работают различного уровня.,развелось этих всех видов  баблосопылесосщиков,Я бы с удовольствием сходил, как раз сфера очень связана с интернет-маркетингом, может, что-то новенькое бы узнал,Такие форумы позволяют людям обмениваться своими знаниями. Так что, кто работает в сфере маркетинга я думаю нужно сходить туда.,Сейчас куда не плюнь - везде маркетологи))) На самом деле нужная профессия, только специалистов грамотных там мало.","29 октября 2019, 09:34"," сообщает ,.,Этот форум - одно из ярких бизнес-событий в Алматы. Форум соберет сотни предпринимателей, руководителей компаний, директоров по маркетингу, маркетологов, среди которых могут быть ваши новые партнеры, клиенты или друзья.,Тарас Левчик - Эксперт по трафику №1 в СНГ,Кир Уланов - Маркетинг-ревизор,Денис Каплунов - Основатель агентства копирайтинга ""Студия Дениса Каплунова"",Владислав Бермуда - Эксперт по кросс маркетингу №1, предприниматель, маркетолог, писатель,Михаил Грибов - Ведущий эксперт по нетворкингу и личному бренду,Борис Жалило - Бизнес тренер №1 по продажам в России,Ян Сташкевич - Основатель SMM-агентства Ragoo Creative,Больше новостей в Telegram-канале ,. Подписывайся!",Известные эксперты по маркетингу выступят на форуме в Алматы
0,,"29 октября 2019, 09:14"," сообщает ,.,В Северо-Казахстанской, Павлодарской, Костанайской областях ожидается усиление ветра 15-20 м/с, в Северо-Казахстанской, местами в Павлодарской, ночью местами в Костанайской областях – порывы 23-28 м/с, в Костанайской области местами – туман. В Акмолинской области – усиление ветра ночью 15-20, местами порывы 23-28 м/с, днем местами 15-20 м/с. В Карагандинской, Восточно-Казахстанской областях местами ожидается усиление ветра 15-20, порывы 23-25 м/с, в Карагандинской области ночью и утром местами – туман. В Жамбылской, Атырауской, Актюбинской, ночью в Мангыстауской областях местами ожидается туман.,Больше новостей в Telegram-канале ,. Подписывайся!",Неустойчивая погода ожидается на большей части Казахстана во вторник
0,,"29 октября 2019, 10:50"," Эксперты, опрошенные , накануне Всемирного дня борьбы с этим заболеванием, который отмечается 29 октября, дали свои практические рекомендации, как предотвратить и избежать удара.,По данным Национальной системы здравоохранения (NHS) Великобритании, в Соединенном Королевстве каждые пять минут регистрируется как минимум один случай инсульта. Причем этому заболеванию в равной степени подвержены люди любого возраста, пола и социального положения. Если в конце прошлого столетия в ""зоне риска"" находились мужчины старше 45 лет и женщины старше 55, то сейчас инсульт встречается у 30-летних и даже у 25-летних молодых людей.,В особую группу риска врачи относят людей молодого и среднего возраста, которые много времени отдают работе. Постоянный стресс, ненормированный рабочий день, частые командировки и перелеты, а также неблагоприятная психологическая атмосфера приводят к выбросу адреналина и повышенному артериальному давлению.,Как рассказала представитель британской Ассоциации по борьбе с инсультом (Stroke Association) Клэр Шаттлуорф, для предотвращения инсульта необходимо следить за артериальным давлением.,[quote-Высокое давление – это самый главный контролируемый фактор риска инсульта. К сожалению, при развитии инсульта симптомы часто отсутствуют, поэтому многие люди не понимают, что они есть. Поэтому очень важно регулярно измерять давление и принимать меры для поддержания его на здоровом уровне, - говорит собеседница агентства.,- Вы можете пройти проверку в аптеках или у терапевта. Факторы образа жизни, такие как избыточный вес, курение, чрезмерное употребление алкоголя, отсутствие физических упражнений и нездоровая диета, могут привести к повышению артериального давления. Оно также имеет тенденцию повышаться с возрастом, поэтому повышенное кровяное давление чаще встречается у людей среднего и пожилого возраста, - добавила она.,Специалисты NHS Великобритании для предотвращения инсульта рекомендуют соблюдать сбалансированную диету, заниматься физическими упражнениями и отказаться от вредных привычек.,Необходимо избегать жирной, жареной и слишком соленой пищи. Вместо этого добавить больше овощей и продуктов с высоким содержанием клетчатки. ""Соблюдение баланса в питании очень важно. Не ешьте очень много какой-то одной пищи, особенно обработанных продуктов, и блюда с высоким содержанием соли. Вы должны сократить объем соли до не более 6 граммов в день, так как соль увеличивает кровяное давление"", - отметили в NHS.,Второе – регулярно выполняйте физические упражнения, укрепляющие сердечно-сосудистую систему. ""Большинству людей рекомендуется выполнять как минимум 150 минут аэробных упражнений средней интенсивности в неделю. Это ходьба в быстром темпе или езда на велосипеде"", - пояснили в NHS.,Курение и чрезмерное употребление алкоголя существенно повышают риск инсульта, так как из-за курения сужаются кровеносные сосуды и артерии, а алкоголь повышает давление и вызывает аритмию. ""Вы можете сократить риск инсульта, прекратив курить. Помните, что чрезмерное употребление алкоголя увеличивает риск удара более чем в три раза"", - отметили в NHS.,Еще одним фактором, повышающим риск инсульта, специалисты называют заместительную гормональную терапию (ЗГТ), которую применяют женщины старше 50 лет. ""На тысячу женщин, принимающих ЗГТ, у шести может развиться инсульт, а у восьми - тромб. Ваш врач должен обсудить с вами эти риски, чтобы вы могли решить, подходит ли вам такая терапия"", - предупредила Шаттлуорф.,Больше новостей в Telegram-канале ,. Подписывайся!",Как снизить риск инсульта
0,,"29 октября 2019, 11:05"," сообщает , со ссылкой на пресс-службу акимата столицы.,В феврале нынешнего года образовался коммуникативный вакуум между госорганами и жителями. Для решения этой проблемы городская администрация приняла концептуальные меры, которые должны улучшить качество деятельности общественных приемных.,Во-первых, сегодня основная деятельность акимата направлена на укрепление обратной связи с населением и полноценное взаимодействие с гражданским обществом. К примеру, в столице активно задействована площадка ""обратной связи"" в социальных сетях, работают центры ""Жанұя"" и iKomek, внедрены принципы открытого акимата, также для более эффективного взаимодействия работает общественная приемная при акиме города.,Так, основной круг вопросов касается получения жилья, образования, списания кредитной задолженности, здравоохранения, трудоустройства и материальной помощи, благоустройства, ЖКХ, дорог.,Во-вторых, Центр поддержки института семьи ""Жанұя"", который объединяет более 70 государственных услуг, оказывает услуги горожанам по принципу ""одного окна"". Со дня открытия в центр обратились более 4,5 тыс. человек с 8,5 тыс. вопросов. Из них по 6,5 тыс. вопросам даны системные консультации, почти 2 тыс. вопросов решены.,В-третьих, районными акиматами внедрены принципы ""Open Akimat"", в рамках которого были проведены Дни открытых дверей с участием более 1000 жителей столицы.,Больше новостей в Telegram-канале ,. Подписывайся!",Советник акима Нур-Султана: Квартиры в столице выдаются только по очереди
0,,"29 октября 2019, 11:03",", сообщает ,.,Он также рассказал о том, к каким плюсам приведет введение этих развязок.,Больше новостей в Telegram-канале ,. Подписывайся!",Сагинтаев поднял вопрос выкупа земель в Алматы под развязки
0,,"29 октября 2019, 11:11"," сообщает ,В работе совещания приняли участие ответственный секретарь МОН Канат Сарсембаев, ректоры ЕНУ им. Л.Н. Гумилева и университета КАЗГЮУ, руководители подведомственных организаций МОН, а также представители проектного офиса по противодействию коррупции МОН ""ADAL BILIM"".,Как отметили в Антикоррупционной службе, главной целью оптимизации государственных органов, в том числе их подведомственных организаций является создание компактного государственного аппарата с конкурентоспособной заработной платой.,В рамках встречи проектным офисом ""ADAL BILIM"" представлены промежуточные результаты анализа отдельных подведомственных организаций МОН.,К примеру, АО ""НЦПК ""Өрлеу"" не задействован на 50% и дублирует программы курсов повышения квалификации других структур, таких как Центра педагогического мастерства при АОО ""Назарбаев интеллектуальные школы"" и его филиалов, а также частных учебных центров и организаций.,К примеру, из 20 слушателей только трое имели достаточный уровень знания английского языка для понимания материала курса, так как были преподавателями английского языка. Остальные слушатели в анкетах-отзывах отмечают в качестве существенной проблемы – незнание английского языка, при том, что курс рассчитан на слушателей с уровнем английского языка не ниже ""Intermediate"".,Анализ материально-технической базы позволил выявить факты нерационального использования зданий и помещений при фактически небольшой численности сотрудников.,Так, расходы на аренду здания НАО Холдинг ""Қәсіпқор"" составили 52 547 140 тенге при общей площади здания в 1567 кв.м, тогда как общая штатная численность составляет 70 человек.,По мнению С. Пена, в большей степени сомнения в эффективности деятельности и порядке исполнения государственных заданий вызывают такие подведомственные организаций МОН, как АО ""НЦПК ""Өрлеу"" и НАО Холдинг ""Қәсіпқор"", которые ежегодно осваивают значительные бюджетных средства.,В свою очередь, участники совещания отметили важность оптимизации, которая даст возможность высвободить неэффективно используемые средства, что соответственно, позволит обеспечить конкурентоспособной заработной платой сотрудников министерства и повысить их благосостояние, особенно сотрудников территориальных подразделений.,По итогам совещания были определены пути дальнейшей реализации проекта, направленные на выработку мер по оптимизации подведомственных организаций МОН.,Больше новостей в Telegram-канале ,. Подписывайся!","Дублирование функций, нерациональное использование площадей, премии - итоги проверки МОН"
1,Чем Домодедово лучше терминала Е Шереметьево??? Лично мне не удобно. Буду лететь Аэрофлотом теперь.,"29 октября 2019, 09:58"," передает корреспондент,.,28 октября в Домодедово состоялось торжественное мероприятие в связи с этим событием.,Своеобразным открытием торжественной части стала традиционная встреча нового рейса ""водяной аркой"".,Выбор Домодедово в качестве нового базового аэропорта в Москве не случаен. ""Эйр Астана"" подписала кодшеринговое соглашение с авиакомпанией S7, базирующейся в Домодедово. И это позволит пассажирам ""Эйр Астаны"" комбинировать маршруты.,В маршрутную сеть входит более 60 направлений ""Эйр Астаны"" и S7. Например, российские пассажиры могут с удобными стыковками добраться до курортов и городов Юго-Восточной Азии, или воспользоваться программой ""Стоповер"" в Нур-Султане и Алматы, посетив красивые места Казахстана. В 2018 году этой программой воспользовались более 17 тыс. человек.,По словам Питера Фостера, о том, чтобы зайти в Домодедово, начали думать еще в 2008 году, 11 лет понадобилось для осуществления планов.,По словам директора аэропорта Домодедово Игоря Борисова, исторически все государства Средней Азии осуществляли полеты в Москву через Домодедово.,К слову, об обновленной инфраструктуре аэровокзала. Стоит отметить, что для граждан Таможенного Союза есть отдельные паспортные каналы, что ускоряет процесс прохождения контроля.,Также невозможно оставить без внимания выставку ретромобилей, размещенную в новом зеркальном атриуме. В состав уникальных авто вошел Renault, который Владимир Маяковский подарил своей музе Лиле Брик.,Первым пассажирам, путешествующим в Москву с 27 октября по 31 декабря 2019 года, ""Эйр Астана"" предоставляет бесплатный проезд на аэроэкспрессе из Домодедово до Павелецкого вокзала.,В настоящее время авиакомпания выполняет 11 еженедельных рейсов Нур-Султан - Москва - Нур-Султан и 14 еженедельных рейсов Алматы - Москва - Нур-Султан на новейших самолетах A320 и A321 neo.,Больше новостей в Telegram-канале ,. Подписывайся!","""Эйр Астана"" совершила первый рейс в московский Домодедово"
0,,"29 октября 2019, 11:24"," Об этом корреспонденту , сообщил адвокат Манзорова Алмас Демесинов.,29 октября в Сети ,, в котором сообщается, что 28 октября Генеральной прокуратурой прекращено уголовное дело, возбужденное по части 4 статьи , ""Мошенничество"" в отношении Багдата Манзорова.,Преследование отменено как незаконное.,Багдата Манзорова , в конце сентября. Его подозревали , в особо крупном размере с использованием служебного положения. После задержания замакима поместили в следственный изолятор. Позже меру пресечения изменили на домашний арест. 18 октября стало известно, что Багдат Манзоров находится ,.,О том, где находится Багдат Манзоров сейчас, адвокат не сообщил.,Больше новостей в Telegram-канале ,. Подписывайся!",Генпрокуратура прекратила дело против замакима Алматинской области
0,,"29 октября 2019, 11:17"," сообщает , со ссылкой на пресс-службу АО ""НК ""Казахстан инжиниринг"".,Следует подчеркнуть, что реализация проекта стала возможной при поддержке правительства в лице Министерства индустрии и инфраструктурного развития РК и участии АО ""Экспортная страховая компания ""KazakhExport"".,""Еврокоптер Казахстан инжиниринг"" является единственным предприятием в СНГ и Центральной Азии, которое занимается реализацией вертолетов Н145, Н130, Н125 и сопутствующих услуг (обучение летно-технического состава, техническое обслуживание) на рынке РК и в дистрибьюторской зоне (Кыргызстан,Таджикистан, Монголия и Россия).,Больше новостей в Telegram-канале ,. Подписывайся!",Национальная компания наращивает экспортный потенциал
0,,"29 октября 2019, 11:30",", передает ,.,Он отметил, что нужно продолжать наполнять индустриальную зону новыми предприятиями.,Больше новостей в Telegram-канале ,. Подписывайся!","Токаев указал, в каком направлении следует развивать Алматы"
0,,"29 октября 2019, 11:36",", передает ,.,Он обратил внимание на развитие общественного транспорта.,Больше новостей в Telegram-канале ,. Подписывайся!",Президент об устранении трамваев в Алматы: Это был спорный вопрос
0,,"29 октября 2019, 11:55"," передает ,.,Поводом послужил случай , склонов Кок-Тобе.,13 октября в рамках акции озеленения Jasyl Almaty на пострадавшем от пожара склоне горы Кок-Тобе 500 волонтеров высадили 40 тысяч саженцев яблони Сиверса и 500 тысяч луковиц тюльпанов сортов ""Казахстан"" и ""Нурсултан Назарбаев"". Позже представители экологического общества ""Зеленое спасение"" выявили, что на склоне, где производилась высадка, остались брошенными саженцы яблонь, луковицы тюльпанов и инвентарь.,Тогда Бакытжан Сагинтаев объявил выговор руководителю Управления зеленой экономики Ержану Сейтенову и начальнику отдела Управления зеленой экономики Олжасу Джаныспаеву.,Больше новостей в Telegram-канале ,. Подписывайся!",Токаев обьявил выговор первому замакима Алматы
0,,"29 октября 2019, 11:57"," передает ,.,Он отметил, что надо запретить плотную застройку в центральных частях Алматы и уделить внимание парковым зонам.,Больше новостей в Telegram-канале ,. Подписывайся!",Токаев раскритиковал снос исторических зданий в Алматы
0,,"29 октября 2019, 12:08"," сообщает , со ссылкой на пресс-службу Антикоррупционной службы РК.,Сейчас решается вопрос об избрании меры пресечения. Окончательное решение о степени виновности подозреваемого, будет вынесено судом. ,Больше новостей в Telegram-канале ,. Подписывайся!",При получении взятки задержан глава Управления культуры Акмолинской области
0,,"29 октября 2019, 12:14"," сообщает ,По данному факту начато досудебное расследование, предусмотренное , УК РК (Незаконное приобретение, хранение, перевозка или ношение огнестрельного оружия и боеприпасов). Номера на пистолете стерты и его принадлежность пока не установлена. В этой связи назначены необходимые экспертизы, в ходе которых изъятый ""ПМ"" будет также проверен на причастность к преступлениям с применением огнестрельного оружия.,В полиции отметили, что водителю пока грозит административное наказание за управление авто в нетрезвом состоянии, а также уголовная ответственность за незаконное хранение, перевозку, ношение огнестрельного оружия и боеприпасов.,За последние 9 месяцев в регионе изъято из незаконного оборота 126 единиц огнестрельного оружия, среди них гладкоствольное, нарезное, травматическое и газовое.,Больше новостей в Telegram-канале ,. Подписывайся!","Пистолет ""Макарова"" с патронами нашли у таксиста в Алматинской области"
11,"Пространство в города надо эффективно использовать. Потребность в социальном жилье в городе очень большая.,Ну естественно не просто так мегаполис, много людей.,А насчет того что нужно строить дома для жителей соглашусь.,Жаңа жқмыс орындарының ашылуы халықтың әлеуметінің өсуіне алып келетіні түсінікті.,Сағынтаев мырза дұрыс ұсыныс айтып отыр, келісемін.,Дельное предложение, и еще бы не мешало строить индустриальные проекты с современными фильтрами, что минимизировать выхлопы в окружающую атмосферу.,Надеюсь под индустриальные зоны не разрешат изымать участки как под госнужды. Пусть изымают по коммерческой цене.,Во-первых индустриальные зоны строятся с учетом санитарных зон и не могут располагаться в черте города, во-вторых под госнужды земли изыматься по закону должны как раз по коммерческой цене.,- Она является якорным проектом для привлечения инвестиций и создания новых рабочих мест.,Я думаю президент поддержит просьбу Сагинтаева - это нужно для развития Алматы.,Нужно ставит под контроль внутреннюю миграцию, а не строить социальное жилье.","29 октября 2019, 10:57"," передает ,.,Глава мегаполиса обратился к Президенту с просьбой оказать поддержку в решении вопроса по расширению Индустриальной зоны Алматы.,Больше новостей в Telegram-канале ,. Подписывайся!",Аким Алматы предложил варианты решения проблем города
26,"ого первый раз слышу об Алмата 2050,То ли еще будет  Нур-Султан-2060, Казахстан-2080,Контора, алЁ, Вы ещё доживите до 2050 года !!!,мы тоже первый раз слышим .  Программы надо строить на один год, если не видно результатов, то народ сменяет руководство,В основе работы акимата – принципы развития, определенные вами в Предвыборной программе для мегаполисов страны - ""город без окраин"" и ""шаговой доступности"" базовых услуг для горожан.- НАУРЫЗБАЕВСКИЙ РАЙОН ОЩУТИЛ И ОЩУЩУЕТ.,Вот теперь еще бы и рабочие места открыли бы ЗАВОДФ ФАБРИКИ что не ездить в город,Работа всем нужна в городе. Поэтому промзону надо расширять, чтобы создавались новые рабочие места для населения.,Стратегия развития города конечно впечатляет, теперь бы проконтролировали чтобы все работы проводились на высшем уровне.,Некогда ему этим заниматься, он то проституток гоняет , то собак и кошек уничтожает...,Дұрыс айтасын, қалаға ағылған халықты солай ғана тоқтата аламыз, бұл Алматы облысының шаруасы, Баталовтың құлағына алтын сырға.,Эх, повезло вам Алматинцы с акимом ка в лотерее, есть же. Не то что наш...,Сарказм? Тут все положительные изменения встали с этим акимом. Предыдущий сломал, а новому ничего не надо. Какая цифровизация, когда не везде газ есть, вода есть и электричества. И где это все? Общественный транспорт как был в 90 годы - мало и плохо, так и сейчас тоже самое... Зато программы 2050, 2060 писать мы умеем... Исполнять то все одно не им...,справедливо,поддерживаю,Сагинтаев грамотный человек, я уверена что у него все получится, конечно проблем много в Алмате, начиная с экологии и с пробками на улицах города но все эти проблемы решаемые,У него большой опыт, поэтому уверена что справится и с этой должностью.,Алматы қаласында екі ғана проблема бар,  экология және көлік кептелісі.,Алматы самый теплый город, культурная столица Казахстана, мы любим этот город.,Многие отзываются положительно об Алмате. Но несмотря на это там имеются и проблемы такие как  - пробки. Что требует немедленного решения.,Лучше всего за Алматой смотрел и больше всех для нашего города делал Динмухамед Ахмедович. Все остальные - простые сидельцы, прийти, увидеть, развалить...,Алматы город большой и очень прибыльный в сфере туризма.,в нашей стране НИ когда  НЕ будет производства,справедливости и достойной жизни-это карма НЕБЕС за менталитет и недалекость,---экономика знаний, цифровизация, креативные индустрии
раньше про нанотехнологии гововорили, а сейчас вот креатив пошел.
А между тем город задыхается от копоти.
Вечером въехжаешь в город - адский дым, все топят какой-то дрянью свои дома.
То ли шинами то ли еще какой-то синтетикой.
Нужен газ в этих районах, а еще лучше бы вообще всё это снести.,Электростанции коптят, автобусы коптят .... нужен газ на и там и там, ни или электоавтобусы как в Москве.
Жизненно необходимо развитие метро в северном направлении - Кулагер, Айнабулак, Дорожники, ... Алмата-I.
Вот что хотелось бы услышать.
Хотя вод водазабор - это тоже дело нужное....,У Алматы большие перспективы, если правильно распределить обязанности работающих там чиновников и представлять общую картину развития города","29 октября 2019, 10:24"," передает ,.,Первое место, которое посетил глава государства, стал акимат мегаполиса. Здесь проходит совещание по социально-экономическому развитию города.,Президент открыл собрание.,Аким города Бакытжан Сагинтаев представил главе государства стратегию развития Алматы-2050.,По итогам определен перечень актуальных и резонансных для горожан вопросов, над решением которых акимат занялся в первоочередном порядке.,В Алматы глава государства пробудет два дня, посетит ряд объектов и проведет несколько встреч.,Сегодня Президент ознакомится с презентацией программы ""Жаңа Алматы"", вручит ключи от квартир воспитанникам детских домов, а также примет участие в совещании по социально-экономическому развитию города Алматы. Кроме того, он ознакомится с работой инновационного кластера ""Teсh Garden"", деятельностью Инвестиционного дома, посетит КазНУ имени аль-Фараби, где осмотрит учебные корпуса и центр обслуживания студентов ""Керемет"". Во второй день рабочей поездки глава государства в своей алматинской резиденции проведет ряд встреч.,Больше новостей в Telegram-канале ,. Подписывайся!","Сагинтаев рассказал Токаеву о том, как будет развиваться Алматы"
7,"Сносите шанырак и айгеримы будет земля,Не все так просто. Там ведь люди живут и работают.,прекратите точечную зстройку города,Не хватает земли под социальные объекты и тут же сносят детский сад для строительства на его месте трех многоэтажек,Да, окраины - это проблемы каждого крупного города, и хорошо, что Сагинтаев постоянно поднимает этот вопрос!,Проблем куча в городе и их нужно решать - перенаселение, смог, пробки на дорогах. Я думаю, это выполнимая задача, сделать город лучше.,Проблем много, но сейчас начали решать их. Не все же сразу делается. Плюс тут нужно, чтобы каждый житель принимал участие.","29 октября 2019, 10:48",", передает ,.,Президент Касым-Жомарт Токаев прибыл в Алматы , и начал работу с совещания в акимате.,Глава города обратился к главе государства с просьбой поручить правительству рассмотреть и утвердить Комплексный план ""Новый Алматы"" на 2020-2024 годы.,По его словам, еще одним системным решением для обеспечения разных источников финансирования является расширение полномочий города в вопросах долгосрочного заимствования.,Так же он отдельно отметил проблему нехватки земель для развития мегаполиса., ,Больше новостей в Telegram-канале ,. Подписывайся!",Сагинтаев ознакомил Президента с проблемами города 
0,,"29 октября 2019, 12:54","- Считаю, что одна из основных проблем при реализации данного поручения – это непредсказуемость курса тенге. Курс тенге к доллару фактически находится на своем историческом максимуме и приблизился к психологической отметке в 400 тенге.,Перейдя на так называемый свободно плавающий курс четыре года назад, Национальный банк на самом деле заложил мину замедленного действия под нашу экономику. Люди живут в постоянной боязни будущей девальвации. По опросам Нацбанка, 67% населения ждут дальнейшую девальвацию тенге. Непредсказуемость курса стала главным негативным фактором в экономике, угнетающим предпринимательство и любую деловую активность.,- На самом деле свободно плавающий курс не защищает экономику от внешних факторов, а наоборот многократно их усиливает. При режиме валютного коридора курс тенге падал в связи с мировыми финансовыми кризисами. Сейчас же курс тенге прыгает при каждом движении цены на нефть в зависимости от разного рода спекуляций вокруг санкций, торговых войн, ставки ФРС (Федеральная резервная система США), которые вообще не касаются казахстанской экономики.,Этим пользуются спекулянты, чтобы зарабатывать на волатильности курса на нашей небольшой валютной бирже, где торги едва превышают 150-200 млн.долларов США. Любой негатив и шок используется для нагнетания паники среди населения. Это заставляет Национальный банк судорожно вмешиваться в валютные торги и тратить резервы. При этом формально отчитываются об отсутствии валютных интервенций.,- В документах Международного валютного фонда написано много красивых слов о пользе свободноплавающего курса.,Сейчас свободно плавающий курс реализуется в 31 стране – в основном это развитые страны с широкой номенклатурой экспорта – Япония, Австралия, Канада, США, страны Западной Европы и другие.,Казахстанская экономика на 90% зависит от одного фактора – мировой цены на нефть. При свободноплавающем курсе мы соглашаемся, что бросаем тенге ""болтаться щепкой в проруби"". Фактически мы расписываемся в потере самостоятельности монетарной политики.,Даже Китай с его диверсифицированной корзиной экспорта не может позволить себе плавающий курс и держит юань. Многие приводят в пример Россию, но с рублем такая же проблема как и с тенге.,- В основном Нацбанк Казахстана преследует цели ""инфляционного таргетирования"".,Инструменты инфляционного таргетирования на сегодня являются высшим пилотажем в монетарной политике. Они хорошо работают в развитых экономиках, когда, например, ставка ФРС или ЕЦБ (Европейский центральный банк) реально влияет на предложение и стоимость денег. Нацбанк же свел политику инфляционного таргетирования к примитивному сжатию кредитования.,Вся излишняя ликвидность уходит не на кредиты бизнесу, а в ноты Нацбанка под 9%. Сейчас в нотах Нацбанка размещено более 3 трлн тенге. При этом никак не ограничивает рост предложения денег по другим каналам – бюджет, ЕНПФ, фонд проблемных кредитов и т.д. С другой стороны девальвация тенге разгоняет инфляцию.,В итоге мы наоборот получаем проинфляционную политику и дорогие кредиты.,Думаю, что на сегодня Национальному банку совместно с правительством необходимо срочно принять меры по формированию прозрачной и предсказуемой курсовой политики. Эти меры уже не раз обсуждались и на партийной площадке ""Nur Otan"" и в самом Мажилисе. Об этих же проблемах и путях их решения неоднократно высказывалась и Ассоциация Финансистов Казахстана. Могу кратко их перечислить:,- обеспечить прозрачность конвертаций при привлечении внешних займов правительства и субъектов квазигоссектора и их обслуживании;,- по заранее определенному графику конвертировать трансферты из Национального Фонда на открытом валютном рынке и публиковать результаты проведенных торгов;,- публиковать валютные интервенции Национального банка на ежедневной основе;,- обеспечить прозрачность при проведении валютных операций ЕНПФ на открытом валютном рынке;,- усилить систему мониторинга валютного рынка для недопущения спекулятивных всплесков;,- обеспечить превентивное смягчение колебаний курса тенге под влиянием налоговых выплат и других заранее прогнозируемых факторов.,Подготовил Владимир Демидов,Больше новостей в Telegram-канале ,. Подписывайся!","Что мешает реализации поручения Президента о господдержке компаний, работающих на экспорт"
16,"Алилуя),неужели)),и где то тихо  в уголке плачет от бессилия чиновник, чья кормушка так жестоко разорена одним лишь словом,Простому чиновнику это не по зубам,Спасибо большое от всех нас !,+1 ,Надеюсь это не просто слова.,ключевое слово - СЕГОДНЯ... а завтра может быть все иначе,Токаев, уважуха, главное, чтобы не вмешался один тип.,""Глава государства отметил, что против проекта выступают все профессиональные экологи и компетентная общественность"".,И давно в Казахстане появились профессиональные экологи и компетентная общественность? Почему сам проект не вынесен на общественные слушания? В Казахстане должно быть верховенство закона, а не слова, пускай даже первого лица.,у нас нет верховенства закона,Запретить делать бизнес в горах! Брить надо олигархов,респект Президенту! спасибо!,ну хоть не поручил и это радует","29 октября 2019, 12:17"," передает ,.,Глава государства отметил, что против проекта выступают все профессиональные экологи и компетентная общественность.,Больше новостей в Telegram-канале ,. Подписывайся!",Токаев запретил заниматься проектом Кок-Жайлау
2,"Молодцы, комитетчике! С помощью вас надо закрывать таких!,Надеюсь ад существует, и взяточникам уготована сковорода с кипящим маслом","29 октября 2019, 13:10",", сообщает , со ссылкой на пресс-службу ведомства.,По результатам расследования уголовного дела, 13 августа 2019 года судом №2 Усть-Каменогорска М.Абдрахманов признан виновным и осужден к 7 годам лишения свободы по , УК РК ""получение взятки"".,3 октября 2019 года постановлением судебной коллегии по уголовным делам Восточно-Казахстанского областного суда приговор суда первой инстанции оставлен без изменения., ,Больше новостей в Telegram-канале ,. Подписывайся!",Сотрудник службы экономических расследований вымогал 50 тыс. долларов 
